 ;力量;敏捷;体魄;生命;附加生命;附加生命百分比;攻击;附加攻击;附加攻击百分比;防御;速度;附加速度百分比;命中;闪躲;暴击;破击;反击;高爆;防破;高反;无视防御;伤害减少;仙攻;仙倍;仙破;初始蓄力点数;蓄力速度;力量到攻击加成;敏捷到速度加成;体魄到生命加成
1;15;;;;;;;;;;;;;;;;;;;;;;;;;;;;;
2;30;;;;;;;;;;;;;;;;;;;;;;;;;;;;;
3;45;;;;;;;;;;;;;;;;;;;;;;;;;;;;;
4;60;;;;;;;;;;;;;;;;;;;;;;;;;;;;;
5;90;;;;;;;;;;;;;;;;;;;;;;;;;;;;;
6;120;;;;;;;;;;;;;;;;;;;;;;;;;;;;;
7;160;;;;;;;;;;;;;;;;;;;;;;;;;;;;;
8;200;;;;;;;;;;;;;;;;;;;;;;;;;;;;;
9;240;;;;;;;;;;;;;;;;;;;;;;;;;;;;;
10;300;;;;;;;;;;;;;;;;;;;;;;;;;;;;;
21;;15;;;;;;;;;;;;;;;;;;;;;;;;;;;;
22;;30;;;;;;;;;;;;;;;;;;;;;;;;;;;;
23;;45;;;;;;;;;;;;;;;;;;;;;;;;;;;;
24;;60;;;;;;;;;;;;;;;;;;;;;;;;;;;;
25;;90;;;;;;;;;;;;;;;;;;;;;;;;;;;;
26;;120;;;;;;;;;;;;;;;;;;;;;;;;;;;;
27;;160;;;;;;;;;;;;;;;;;;;;;;;;;;;;
28;;200;;;;;;;;;;;;;;;;;;;;;;;;;;;;
29;;240;;;;;;;;;;;;;;;;;;;;;;;;;;;;
30;;300;;;;;;;;;;;;;;;;;;;;;;;;;;;;
41;;;15;;;;;;;;;;;;;;;;;;;;;;;;;;;
42;;;30;;;;;;;;;;;;;;;;;;;;;;;;;;;
43;;;45;;;;;;;;;;;;;;;;;;;;;;;;;;;
44;;;60;;;;;;;;;;;;;;;;;;;;;;;;;;;
45;;;90;;;;;;;;;;;;;;;;;;;;;;;;;;;
46;;;120;;;;;;;;;;;;;;;;;;;;;;;;;;;
47;;;160;;;;;;;;;;;;;;;;;;;;;;;;;;;
48;;;200;;;;;;;;;;;;;;;;;;;;;;;;;;;
49;;;240;;;;;;;;;;;;;;;;;;;;;;;;;;;
50;;;300;;;;;;;;;;;;;;;;;;;;;;;;;;;
61;;;;;;;;;;;;;1;;;;;;;;;;;;;;;;;
62;;;;;;;;;;;;;2;;;;;;;;;;;;;;;;;
63;;;;;;;;;;;;;3;;;;;;;;;;;;;;;;;
64;;;;;;;;;;;;;4;;;;;;;;;;;;;;;;;
65;;;;;;;;;;;;;6;;;;;;;;;;;;;;;;;
66;;;;;;;;;;;;;8;;;;;;;;;;;;;;;;;
67;;;;;;;;;;;;;10;;;;;;;;;;;;;;;;;
68;;;;;;;;;;;;;15;;;;;;;;;;;;;;;;;
69;;;;;;;;;;;;;20;;;;;;;;;;;;;;;;;
70;;;;;;;;;;;;;25;;;;;;;;;;;;;;;;;
81;;;;;;;;;;;;;;;;;;1;;;;;;;;;;;;
82;;;;;;;;;;;;;;;;;;2;;;;;;;;;;;;
83;;;;;;;;;;;;;;;;;;3;;;;;;;;;;;;
84;;;;;;;;;;;;;;;;;;4;;;;;;;;;;;;
85;;;;;;;;;;;;;;;;;;6;;;;;;;;;;;;
86;;;;;;;;;;;;;;;;;;8;;;;;;;;;;;;
87;;;;;;;;;;;;;;;;;;10;;;;;;;;;;;;
88;;;;;;;;;;;;;;;;;;15;;;;;;;;;;;;
89;;;;;;;;;;;;;;;;;;20;;;;;;;;;;;;
90;;;;;;;;;;;;;;;;;;25;;;;;;;;;;;;
101;;;;;;;;;;;;;;;;;;;1;;;;;;;;;;;
102;;;;;;;;;;;;;;;;;;;2;;;;;;;;;;;
103;;;;;;;;;;;;;;;;;;;3;;;;;;;;;;;
104;;;;;;;;;;;;;;;;;;;4;;;;;;;;;;;
105;;;;;;;;;;;;;;;;;;;6;;;;;;;;;;;
106;;;;;;;;;;;;;;;;;;;8;;;;;;;;;;;
107;;;;;;;;;;;;;;;;;;;10;;;;;;;;;;;
108;;;;;;;;;;;;;;;;;;;15;;;;;;;;;;;
109;;;;;;;;;;;;;;;;;;;20;;;;;;;;;;;
110;;;;;;;;;;;;;;;;;;;25;;;;;;;;;;;
121;;;;;;;;;;;;;;;;;;;;1;;;;;;;;;;
122;;;;;;;;;;;;;;;;;;;;2;;;;;;;;;;
123;;;;;;;;;;;;;;;;;;;;3;;;;;;;;;;
124;;;;;;;;;;;;;;;;;;;;4;;;;;;;;;;
125;;;;;;;;;;;;;;;;;;;;6;;;;;;;;;;
126;;;;;;;;;;;;;;;;;;;;8;;;;;;;;;;
127;;;;;;;;;;;;;;;;;;;;10;;;;;;;;;;
128;;;;;;;;;;;;;;;;;;;;15;;;;;;;;;;
129;;;;;;;;;;;;;;;;;;;;20;;;;;;;;;;
130;;;;;;;;;;;;;;;;;;;;25;;;;;;;;;;
141;;;;;;1;;;;;;;;;;;;;;;;;;;;;;;;
142;;;;;;2;;;;;;;;;;;;;;;;;;;;;;;;
143;;;;;;3;;;;;;;;;;;;;;;;;;;;;;;;
144;;;;;;4;;;;;;;;;;;;;;;;;;;;;;;;
145;;;;;;6;;;;;;;;;;;;;;;;;;;;;;;;
146;;;;;;8;;;;;;;;;;;;;;;;;;;;;;;;
147;;;;;;10;;;;;;;;;;;;;;;;;;;;;;;;
148;;;;;;15;;;;;;;;;;;;;;;;;;;;;;;;
149;;;;;;20;;;;;;;;;;;;;;;;;;;;;;;;
150;;;;;;25;;;;;;;;;;;;;;;;;;;;;;;;
161;;;;;;;;;;;;1;;;;;;;;;;;;;;;;;;
162;;;;;;;;;;;;2;;;;;;;;;;;;;;;;;;
163;;;;;;;;;;;;3;;;;;;;;;;;;;;;;;;
164;;;;;;;;;;;;4;;;;;;;;;;;;;;;;;;
165;;;;;;;;;;;;6;;;;;;;;;;;;;;;;;;
166;;;;;;;;;;;;8;;;;;;;;;;;;;;;;;;
167;;;;;;;;;;;;10;;;;;;;;;;;;;;;;;;
168;;;;;;;;;;;;15;;;;;;;;;;;;;;;;;;
169;;;;;;;;;;;;20;;;;;;;;;;;;;;;;;;
170;;;;;;;;;;;;25;;;;;;;;;;;;;;;;;;
181;;;;;;;;;1;;;;;;;;;;;;;;;;;;;;;
182;;;;;;;;;2;;;;;;;;;;;;;;;;;;;;;
183;;;;;;;;;3;;;;;;;;;;;;;;;;;;;;;
184;;;;;;;;;4;;;;;;;;;;;;;;;;;;;;;
185;;;;;;;;;6;;;;;;;;;;;;;;;;;;;;;
186;;;;;;;;;8;;;;;;;;;;;;;;;;;;;;;
187;;;;;;;;;10;;;;;;;;;;;;;;;;;;;;;
188;;;;;;;;;15;;;;;;;;;;;;;;;;;;;;;
189;;;;;;;;;20;;;;;;;;;;;;;;;;;;;;;
190;;;;;;;;;25;;;;;;;;;;;;;;;;;;;;;
201;;;;;;;;;;;;;;;;;;;;;;;;;;;;;;
202;;;;;;;;;;;;;;;;;;;;;;;;;;;;;;
203;;;;;;;;;;;;;;;;;;;;;;;;;;;;;;
204;;;;;;;;;;;;;;;;;;;;;;;;;;;;;;
205;;;;;;;;;;;;;;;;;;;;;;;;;;;;;;
206;;;;;;;;;;;;;;;;;;;;;;;;;;;;;;
207;;;;;;;;;;;;;;;;;;;;;;;;;;;;;;
208;;;;;;;;;;;;;;;;;;;;;;;;;;;;;;
209;;;;;;;;;;;;;;;;;;;;;;;;;;;;;;
210;;;;;;;;;;;;;;;;;;;;;;;;;;;;;;
221;;;;;;;;;;;;;;;;;;;;;1;;;;;;;;;
222;;;;;;;;;;;;;;;;;;;;;2;;;;;;;;;
223;;;;;;;;;;;;;;;;;;;;;3;;;;;;;;;
224;;;;;;;;;;;;;;;;;;;;;4;;;;;;;;;
225;;;;;;;;;;;;;;;;;;;;;6;;;;;;;;;
226;;;;;;;;;;;;;;;;;;;;;8;;;;;;;;;
227;;;;;;;;;;;;;;;;;;;;;10;;;;;;;;;
228;;;;;;;;;;;;;;;;;;;;;15;;;;;;;;;
229;;;;;;;;;;;;;;;;;;;;;20;;;;;;;;;
230;;;;;;;;;;;;;;;;;;;;;25;;;;;;;;;
241;;;;;;;;;;;;;;;;;;;;;;;;;;;;;;
242;;;;;;;;;;;;;;;;;;;;;;;;;;;;;;
243;;;;;;;;;;;;;;;;;;;;;;;;;;;;;;
244;;;;;;;;;;;;;;;;;;;;;;;;;;;;;;
245;;;;;;;;;;;;;;;;;;;;;;;;;;;;;;
246;;;;;;;;;;;;;;;;;;;;;;;;;;;;;;
247;;;;;;;;;;;;;;;;;;;;;;;;;;;;;;
248;;;;;;;;;;;;;;;;;;;;;;;;;;;;;;
249;;;;;;;;;;;;;;;;;;;;;;;;;;;;;;
250;;;;;;;;;;;;;;;;;;;;;;;;;;;;;;
9001;;;;;;;;500;;;;;;;;;;;;;;;;;;;;;;
9002;;;;;;;;1000;;;;;;;;;;;;;;;;;;;;;;
9003;;;;;;;;1500;;;;;;;;;;;;;;;;;;;;;;
9004;;;;;;;;2000;;;;;;;;;;;;;;;;;;;;;;
9005;;;;;;;;2500;;;;;;;;;;;;;;;;;;;;;;
9006;;;;;;;;3000;;;;;;;;;;;;;;;;;;;;;;
9007;;;;;;;;3500;;;;;;;;;;;;;;;;;;;;;;
9008;;;;;;;;4000;;;;;;;;;;;;;;;;;;;;;;
9009;;;;;;;;4500;;;;;;;;;;;;;;;;;;;;;;
9010;;;;;;;;5000;;;;;;;;;;;;;;;;;;;;;;
9011;;;;;1500;;;;;;;;;;;;;;;;;;;;;;;;;
9012;;;;;3000;;;;;;;;;;;;;;;;;;;;;;;;;
9013;;;;;4500;;;;;;;;;;;;;;;;;;;;;;;;;
9014;;;;;6000;;;;;;;;;;;;;;;;;;;;;;;;;
9015;;;;;7500;;;;;;;;;;;;;;;;;;;;;;;;;
9016;;;;;9000;;;;;;;;;;;;;;;;;;;;;;;;;
9017;;;;;10500;;;;;;;;;;;;;;;;;;;;;;;;;
9018;;;;;12000;;;;;;;;;;;;;;;;;;;;;;;;;
9019;;;;;13500;;;;;;;;;;;;;;;;;;;;;;;;;
9020;;;;;15000;;;;;;;;;;;;;;;;;;;;;;;;;
9021;;;;;;;;;;200;;;;;;;;;;;;;;;;;;;;
9022;;;;;;;;;;400;;;;;;;;;;;;;;;;;;;;
9023;;;;;;;;;;600;;;;;;;;;;;;;;;;;;;;
9024;;;;;;;;;;800;;;;;;;;;;;;;;;;;;;;
9025;;;;;;;;;;1000;;;;;;;;;;;;;;;;;;;;
9026;;;;;;;;;;1200;;;;;;;;;;;;;;;;;;;;
9027;;;;;;;;;;1400;;;;;;;;;;;;;;;;;;;;
9028;;;;;;;;;;1600;;;;;;;;;;;;;;;;;;;;
9029;;;;;;;;;;1800;;;;;;;;;;;;;;;;;;;;
9030;;;;;;;;;;2000;;;;;;;;;;;;;;;;;;;;
9031;;;;;;;;;;;;;;3;;;;;;;;;;;;;;;;
9032;;;;;;;;;;;;;;6;;;;;;;;;;;;;;;;
9033;;;;;;;;;;;;;;9;;;;;;;;;;;;;;;;
9034;;;;;;;;;;;;;;12;;;;;;;;;;;;;;;;
9035;;;;;;;;;;;;;;15;;;;;;;;;;;;;;;;
9036;;;;;;;;;;;;;;18;;;;;;;;;;;;;;;;
9037;;;;;;;;;;;;;;21;;;;;;;;;;;;;;;;
9038;;;;;;;;;;;;;;24;;;;;;;;;;;;;;;;
9039;;;;;;;;;;;;;;27;;;;;;;;;;;;;;;;
9040;;;;;;;;;;;;;;30;;;;;;;;;;;;;;;;
9041;;;;;;;;;;;;;;;3;;;;;;;;;;;;;;;
9042;;;;;;;;;;;;;;;6;;;;;;;;;;;;;;;
9043;;;;;;;;;;;;;;;9;;;;;;;;;;;;;;;
9044;;;;;;;;;;;;;;;12;;;;;;;;;;;;;;;
9045;;;;;;;;;;;;;;;15;;;;;;;;;;;;;;;
9046;;;;;;;;;;;;;;;18;;;;;;;;;;;;;;;
9047;;;;;;;;;;;;;;;21;;;;;;;;;;;;;;;
9048;;;;;;;;;;;;;;;24;;;;;;;;;;;;;;;
9049;;;;;;;;;;;;;;;27;;;;;;;;;;;;;;;
9050;;;;;;;;;;;;;;;30;;;;;;;;;;;;;;;
9051;;;;;;;;;;;;;;;;3;;;;;;;;;;;;;;
9052;;;;;;;;;;;;;;;;6;;;;;;;;;;;;;;
9053;;;;;;;;;;;;;;;;9;;;;;;;;;;;;;;
9054;;;;;;;;;;;;;;;;12;;;;;;;;;;;;;;
9055;;;;;;;;;;;;;;;;15;;;;;;;;;;;;;;
9056;;;;;;;;;;;;;;;;18;;;;;;;;;;;;;;
9057;;;;;;;;;;;;;;;;21;;;;;;;;;;;;;;
9058;;;;;;;;;;;;;;;;24;;;;;;;;;;;;;;
9059;;;;;;;;;;;;;;;;27;;;;;;;;;;;;;;
9060;;;;;;;;;;;;;;;;30;;;;;;;;;;;;;;
9061;;;;;;;;;;;;;;;;;3;;;;;;;;;;;;;
9062;;;;;;;;;;;;;;;;;6;;;;;;;;;;;;;
9063;;;;;;;;;;;;;;;;;9;;;;;;;;;;;;;
9064;;;;;;;;;;;;;;;;;12;;;;;;;;;;;;;
9065;;;;;;;;;;;;;;;;;15;;;;;;;;;;;;;
9066;;;;;;;;;;;;;;;;;18;;;;;;;;;;;;;
9067;;;;;;;;;;;;;;;;;21;;;;;;;;;;;;;
9068;;;;;;;;;;;;;;;;;24;;;;;;;;;;;;;
9069;;;;;;;;;;;;;;;;;27;;;;;;;;;;;;;
9070;;;;;;;;;;;;;;;;;30;;;;;;;;;;;;;
9071;;;;;;;;;;;;;;;;;;;;;;;;;;20;;;;
9072;;;;;;;;;;;;;;;;;;;;;;;;;;25;;;;
9073;;;;;;;;;;;;;;;;;;;;;;;;;;30;;;;
9074;;;;;;;;;;;;;;;;;;;;;;;;;;35;;;;
9075;;;;;;;;;;;;;;;;;;;;;;;;;;40;;;;
9076;;;;;;;;;;;;;;;;;;;;;;;;;;45;;;;
9077;;;;;;;;;;;;;;;;;;;;;;;;;;50;;;;
9078;;;;;;;;;;;;;;;;;;;;;;;;;;55;;;;
9079;;;;;;;;;;;;;;;;;;;;;;;;;;60;;;;
9080;;;;;;;;;;;;;;;;;;;;;;;;;;65;;;;
9081;;;;;;;;;;;;;;;;;;;;;;2;;;;;;;;
9082;;;;;;;;;;;;;;;;;;;;;;4;;;;;;;;
9083;;;;;;;;;;;;;;;;;;;;;;6;;;;;;;;
9084;;;;;;;;;;;;;;;;;;;;;;8;;;;;;;;
9085;;;;;;;;;;;;;;;;;;;;;;10;;;;;;;;
9086;;;;;;;;;;;;;;;;;;;;;;12;;;;;;;;
9087;;;;;;;;;;;;;;;;;;;;;;14;;;;;;;;
9088;;;;;;;;;;;;;;;;;;;;;;16;;;;;;;;
9089;;;;;;;;;;;;;;;;;;;;;;18;;;;;;;;
9090;;;;;;;;;;;;;;;;;;;;;;20;;;;;;;;
9091;;;;;;;;;;;;;;;;;;;;;;;;;2;;;;;
9092;;;;;;;;;;;;;;;;;;;;;;;;;4;;;;;
9093;;;;;;;;;;;;;;;;;;;;;;;;;6;;;;;
9094;;;;;;;;;;;;;;;;;;;;;;;;;8;;;;;
9095;;;;;;;;;;;;;;;;;;;;;;;;;10;;;;;
9096;;;;;;;;;;;;;;;;;;;;;;;;;12;;;;;
9097;;;;;;;;;;;;;;;;;;;;;;;;;14;;;;;
9098;;;;;;;;;;;;;;;;;;;;;;;;;16;;;;;
9099;;;;;;;;;;;;;;;;;;;;;;;;;18;;;;;
9100;;;;;;;;;;;;;;;;;;;;;;;;;20;;;;;
9101;;;;;;;;;;;;2;;;;;;;;;;;;;;;;;;
9102;;;;;;;;;;;;4;;;;;;;;;;;;;;;;;;
9103;;;;;;;;;;;;6;;;;;;;;;;;;;;;;;;
9104;;;;;;;;;;;;8;;;;;;;;;;;;;;;;;;
9105;;;;;;;;;;;;10;;;;;;;;;;;;;;;;;;
9106;;;;;;;;;;;;12;;;;;;;;;;;;;;;;;;
9107;;;;;;;;;;;;14;;;;;;;;;;;;;;;;;;
9108;;;;;;;;;;;;16;;;;;;;;;;;;;;;;;;
9109;;;;;;;;;;;;18;;;;;;;;;;;;;;;;;;
9110;;;;;;;;;;;;20;;;;;;;;;;;;;;;;;;
9111;;;;;;;;200;;;;;;;;;;;;;;;;;;;;;;
9112;;;;;;;;400;;;;;;;;;;;;;;;;;;;;;;
9113;;;;;;;;600;;;;;;;;;;;;;;;;;;;;;;
9114;;;;;;;;800;;;;;;;;;;;;;;;;;;;;;;
9115;;;;;;;;1000;;;;;;;;;;;;;;;;;;;;;;
9116;;;;;;;;1200;;;;;;;;;;;;;;;;;;;;;;
9117;;;;;;;;1400;;;;;;;;;;;;;;;;;;;;;;
9118;;;;;;;;1600;;;;;;;;;;;;;;;;;;;;;;
9119;;;;;;;;1800;;;;;;;;;;;;;;;;;;;;;;
9120;;;;;;;;2000;;;;;;;;;;;;;;;;;;;;;;
9121;;;;;600;;;;;;;;;;;;;;;;;;;;;;;;;
9122;;;;;1200;;;;;;;;;;;;;;;;;;;;;;;;;
9123;;;;;1800;;;;;;;;;;;;;;;;;;;;;;;;;
9124;;;;;2400;;;;;;;;;;;;;;;;;;;;;;;;;
9125;;;;;3000;;;;;;;;;;;;;;;;;;;;;;;;;
9126;;;;;3600;;;;;;;;;;;;;;;;;;;;;;;;;
9127;;;;;4200;;;;;;;;;;;;;;;;;;;;;;;;;
9128;;;;;4800;;;;;;;;;;;;;;;;;;;;;;;;;
9129;;;;;5400;;;;;;;;;;;;;;;;;;;;;;;;;
9130;;;;;6000;;;;;;;;;;;;;;;;;;;;;;;;;
9131;;;;;;;;;;100;;;;;;;;;;;;;;;;;;;;
9132;;;;;;;;;;200;;;;;;;;;;;;;;;;;;;;
9133;;;;;;;;;;300;;;;;;;;;;;;;;;;;;;;
9134;;;;;;;;;;400;;;;;;;;;;;;;;;;;;;;
9135;;;;;;;;;;500;;;;;;;;;;;;;;;;;;;;
9136;;;;;;;;;;600;;;;;;;;;;;;;;;;;;;;
9137;;;;;;;;;;700;;;;;;;;;;;;;;;;;;;;
9138;;;;;;;;;;800;;;;;;;;;;;;;;;;;;;;
9139;;;;;;;;;;900;;;;;;;;;;;;;;;;;;;;
9140;;;;;;;;;;1000;;;;;;;;;;;;;;;;;;;;
9141;;;;;;;;;;;;;;1;;;;;;;;;;;;;;;;
9142;;;;;;;;;;;;;;2;;;;;;;;;;;;;;;;
9143;;;;;;;;;;;;;;3;;;;;;;;;;;;;;;;
9144;;;;;;;;;;;;;;4;;;;;;;;;;;;;;;;
9145;;;;;;;;;;;;;;5;;;;;;;;;;;;;;;;
9146;;;;;;;;;;;;;;6;;;;;;;;;;;;;;;;
9147;;;;;;;;;;;;;;7;;;;;;;;;;;;;;;;
9148;;;;;;;;;;;;;;8;;;;;;;;;;;;;;;;
9149;;;;;;;;;;;;;;9;;;;;;;;;;;;;;;;
9150;;;;;;;;;;;;;;10;;;;;;;;;;;;;;;;
9151;;;;;;;;;;;;;;;1;;;;;;;;;;;;;;;
9152;;;;;;;;;;;;;;;2;;;;;;;;;;;;;;;
9153;;;;;;;;;;;;;;;3;;;;;;;;;;;;;;;
9154;;;;;;;;;;;;;;;4;;;;;;;;;;;;;;;
9155;;;;;;;;;;;;;;;5;;;;;;;;;;;;;;;
9156;;;;;;;;;;;;;;;6;;;;;;;;;;;;;;;
9157;;;;;;;;;;;;;;;7;;;;;;;;;;;;;;;
9158;;;;;;;;;;;;;;;8;;;;;;;;;;;;;;;
9159;;;;;;;;;;;;;;;9;;;;;;;;;;;;;;;
9160;;;;;;;;;;;;;;;10;;;;;;;;;;;;;;;
9161;;;;;;;;;;;;;;;;1;;;;;;;;;;;;;;
9162;;;;;;;;;;;;;;;;2;;;;;;;;;;;;;;
9163;;;;;;;;;;;;;;;;3;;;;;;;;;;;;;;
9164;;;;;;;;;;;;;;;;4;;;;;;;;;;;;;;
9165;;;;;;;;;;;;;;;;5;;;;;;;;;;;;;;
9166;;;;;;;;;;;;;;;;6;;;;;;;;;;;;;;
9167;;;;;;;;;;;;;;;;7;;;;;;;;;;;;;;
9168;;;;;;;;;;;;;;;;8;;;;;;;;;;;;;;
9169;;;;;;;;;;;;;;;;9;;;;;;;;;;;;;;
9170;;;;;;;;;;;;;;;;10;;;;;;;;;;;;;;
9171;;;;;;;;;;;;;;;;;1;;;;;;;;;;;;;
9172;;;;;;;;;;;;;;;;;2;;;;;;;;;;;;;
9173;;;;;;;;;;;;;;;;;3;;;;;;;;;;;;;
9174;;;;;;;;;;;;;;;;;4;;;;;;;;;;;;;
9175;;;;;;;;;;;;;;;;;5;;;;;;;;;;;;;
9176;;;;;;;;;;;;;;;;;6;;;;;;;;;;;;;
9177;;;;;;;;;;;;;;;;;7;;;;;;;;;;;;;
9178;;;;;;;;;;;;;;;;;8;;;;;;;;;;;;;
9179;;;;;;;;;;;;;;;;;9;;;;;;;;;;;;;
9180;;;;;;;;;;;;;;;;;10;;;;;;;;;;;;;
9181;;;;;;;;;;;;;;;;;;;;;;;;;;5;;;;
9182;;;;;;;;;;;;;;;;;;;;;;;;;;10;;;;
9183;;;;;;;;;;;;;;;;;;;;;;;;;;15;;;;
9184;;;;;;;;;;;;;;;;;;;;;;;;;;20;;;;
9185;;;;;;;;;;;;;;;;;;;;;;;;;;25;;;;
9186;;;;;;;;;;;;;;;;;;;;;;;;;;30;;;;
9187;;;;;;;;;;;;;;;;;;;;;;;;;;35;;;;
9188;;;;;;;;;;;;;;;;;;;;;;;;;;40;;;;
9189;;;;;;;;;;;;;;;;;;;;;;;;;;45;;;;
9190;;;;;;;;;;;;;;;;;;;;;;;;;;50;;;;
9191;;;;;;;;100;;;;;;;;;;;;;;;;;;;;;;
9192;;;;;;;;200;;;;;;;;;;;;;;;;;;;;;;
9193;;;;;;;;300;;;;;;;;;;;;;;;;;;;;;;
9194;;;;;;;;400;;;;;;;;;;;;;;;;;;;;;;
9195;;;;;;;;500;;;;;;;;;;;;;;;;;;;;;;
9196;;;;;;;;600;;;;;;;;;;;;;;;;;;;;;;
9197;;;;;;;;700;;;;;;;;;;;;;;;;;;;;;;
9198;;;;;;;;800;;;;;;;;;;;;;;;;;;;;;;
9199;;;;;;;;900;;;;;;;;;;;;;;;;;;;;;;
9200;;;;;;;;1000;;;;;;;;;;;;;;;;;;;;;;
9201;;;;;300;;;;;;;;;;;;;;;;;;;;;;;;;
9202;;;;;600;;;;;;;;;;;;;;;;;;;;;;;;;
9203;;;;;900;;;;;;;;;;;;;;;;;;;;;;;;;
9204;;;;;1200;;;;;;;;;;;;;;;;;;;;;;;;;
9205;;;;;1500;;;;;;;;;;;;;;;;;;;;;;;;;
9206;;;;;1800;;;;;;;;;;;;;;;;;;;;;;;;;
9207;;;;;2100;;;;;;;;;;;;;;;;;;;;;;;;;
9208;;;;;2400;;;;;;;;;;;;;;;;;;;;;;;;;
9209;;;;;2700;;;;;;;;;;;;;;;;;;;;;;;;;
9210;;;;;3000;;;;;;;;;;;;;;;;;;;;;;;;;
9211;;;;;;;;;;50;;;;;;;;;;;;;;;;;;;;
9212;;;;;;;;;;100;;;;;;;;;;;;;;;;;;;;
9213;;;;;;;;;;150;;;;;;;;;;;;;;;;;;;;
9214;;;;;;;;;;200;;;;;;;;;;;;;;;;;;;;
9215;;;;;;;;;;250;;;;;;;;;;;;;;;;;;;;
9216;;;;;;;;;;300;;;;;;;;;;;;;;;;;;;;
9217;;;;;;;;;;350;;;;;;;;;;;;;;;;;;;;
9218;;;;;;;;;;400;;;;;;;;;;;;;;;;;;;;
9219;;;;;;;;;;450;;;;;;;;;;;;;;;;;;;;
9220;;;;;;;;;;500;;;;;;;;;;;;;;;;;;;;
9221;;;;;;;;;;;;;;0.5;;;;;;;;;;;;;;;;
9222;;;;;;;;;;;;;;1;;;;;;;;;;;;;;;;
9223;;;;;;;;;;;;;;1.5;;;;;;;;;;;;;;;;
9224;;;;;;;;;;;;;;2;;;;;;;;;;;;;;;;
9225;;;;;;;;;;;;;;2.5;;;;;;;;;;;;;;;;
9226;;;;;;;;;;;;;;3;;;;;;;;;;;;;;;;
9227;;;;;;;;;;;;;;3.5;;;;;;;;;;;;;;;;
9228;;;;;;;;;;;;;;4;;;;;;;;;;;;;;;;
9229;;;;;;;;;;;;;;4.5;;;;;;;;;;;;;;;;
9230;;;;;;;;;;;;;;5;;;;;;;;;;;;;;;;
9231;;;;;;;;;;;;;;;0.5;;;;;;;;;;;;;;;
9232;;;;;;;;;;;;;;;1;;;;;;;;;;;;;;;
9233;;;;;;;;;;;;;;;1.5;;;;;;;;;;;;;;;
9234;;;;;;;;;;;;;;;2;;;;;;;;;;;;;;;
9235;;;;;;;;;;;;;;;2.5;;;;;;;;;;;;;;;
9236;;;;;;;;;;;;;;;3;;;;;;;;;;;;;;;
9237;;;;;;;;;;;;;;;3.5;;;;;;;;;;;;;;;
9238;;;;;;;;;;;;;;;4;;;;;;;;;;;;;;;
9239;;;;;;;;;;;;;;;4.5;;;;;;;;;;;;;;;
9240;;;;;;;;;;;;;;;5;;;;;;;;;;;;;;;
9241;;;;;;;;;;;;;;;;0.5;;;;;;;;;;;;;;
9242;;;;;;;;;;;;;;;;1;;;;;;;;;;;;;;
9243;;;;;;;;;;;;;;;;1.5;;;;;;;;;;;;;;
9244;;;;;;;;;;;;;;;;2;;;;;;;;;;;;;;
9245;;;;;;;;;;;;;;;;2.5;;;;;;;;;;;;;;
9246;;;;;;;;;;;;;;;;3;;;;;;;;;;;;;;
9247;;;;;;;;;;;;;;;;3.5;;;;;;;;;;;;;;
9248;;;;;;;;;;;;;;;;4;;;;;;;;;;;;;;
9249;;;;;;;;;;;;;;;;4.5;;;;;;;;;;;;;;
9250;;;;;;;;;;;;;;;;5;;;;;;;;;;;;;;
10001;8;5;3;0;50;0;0;0;0;0;0;0;0;0;0;0;0;0;0;0;0;0;0;0;0;0;0;0;0;0
10002;7;6;3;0;50;0;0;0;0;0;0;0;0;0;0;0;0;0;0;0;0;0;0;0;0;0;0;0;0;0
10003;7;4;2;0;0;0;0;0;0;30;0;0;0;0;0;0;0;0;0;0;0;0;0;0;0;0;0;0;0;0
10004;5;3;2;0;0;0;0;0;0;0;0;0;0;0;0;0;0;0;0;0;0;0;20;0;0;0;0;0;0;0
10005;7;4;2;0;0;0;0;0;0;30;0;0;0;0;0;0;0;0;0;0;0;0;0;0;0;0;0;0;0;0
10006;6;5;3;0;0;0;0;0;0;0;0;0;0;0;0;0;0;0;0;0;0;0;20;0;0;0;0;0;0;0
10009;0;0;0;0;0;0;0;20;0;0;0;0;0;0;0;0;0;0;0;0;0;0;0;0;0;0;0;0;0;0
10010;0;0;0;0;0;0;0;50;0;0;0;0;0;0;0;0;0;0;0;0;0;0;0;0;0;0;0;0;0;0
10011;11;7;5;0;100;0;0;0;0;0;0;0;0;0;0;0;0;0;0;0;0;0;0;0;0;0;0;0;0;0
10012;11;8;5;0;100;0;0;0;0;0;0;0;0;0;0;0;0;0;0;0;0;0;0;0;0;0;0;0;0;0
10013;10;5;3;0;0;0;0;0;0;40;0;0;0;0;0;0;0;0;0;0;0;0;0;0;0;0;0;0;0;0
10014;7;5;3;0;0;0;0;0;0;0;0;0;0;0;0;0;0;0;0;0;0;0;50;0;0;0;0;0;0;0
10015;11;7;3;0;0;0;0;0;0;40;0;0;0;0;0;0;0;0;0;0;0;0;0;0;0;0;0;0;0;0
10016;9;7;4;0;0;0;0;0;0;0;0;0;0;0;0;0;0;0;0;0;0;0;50;0;0;0;0;0;0;0
10019;0;0;0;0;0;0;0;40;0;0;0;0;0;0;0;0;0;0;0;0;0;0;0;0;0;0;0;0;0;0
10020;0;0;0;0;0;0;0;100;0;0;0;0;0;0;0;0;0;0;0;0;0;0;0;0;0;0;0;0;0;0
10021;11;8;19;0;200;0;0;0;0;0;0;0;0;0;0;0;0;0;0;0;0;0;0;0;0;0;0;0;0;0
10022;14;8;18;0;200;0;0;0;0;0;0;0;0;0;0;0;0;0;0;0;0;0;0;0;0;0;0;0;0;0
10023;9;5;17;0;0;0;0;0;0;75;0;0;0;0;0;0;0;0;0;0;0;0;0;0;0;0;0;0;0;0
10024;8;4;12;0;0;0;0;0;0;0;0;0;0;0;0;0;0;0;0;0;0;0;100;0;0;0;0;0;0;0
10025;11;5;18;0;0;0;0;0;0;75;0;0;0;0;0;0;0;0;0;0;0;0;0;0;0;0;0;0;0;0
10026;12;7;15;0;0;0;0;0;0;0;0;0;0;0;0;0;0;0;0;0;0;0;100;0;0;0;0;0;0;0
10029;0;0;0;0;160;0;0;0;0;0;0;0;0;0;0;0;0;0;0;0;0;0;0;0;0;0;0;0;0;0
10030;0;0;0;0;400;0;0;0;0;0;0;0;0;0;0;0;0;0;0;0;0;0;0;0;0;0;0;0;0;0
10031;19;11;8;0;200;0;0;0;0;0;0;0;0;0;0;0;0;0;0;0;0;0;0;0;0;0;0;0;0;0
10032;18;14;8;0;200;0;0;0;0;0;0;0;0;0;0;0;0;0;0;0;0;0;0;0;0;0;0;0;0;0
10033;17;9;5;0;0;0;0;0;0;75;0;0;0;0;0;0;0;0;0;0;0;0;0;0;0;0;0;0;0;0
10034;12;8;4;0;0;0;0;0;0;0;0;0;0;0;0;0;0;0;0;0;0;0;100;0;0;0;0;0;0;0
10035;18;11;5;0;0;0;0;0;0;75;0;0;0;0;0;0;0;0;0;0;0;0;0;0;0;0;0;0;0;0
10036;15;12;7;0;0;0;0;0;0;0;0;0;0;0;0;0;0;0;0;0;0;0;100;0;0;0;0;0;0;0
10039;0;0;0;0;0;0;0;80;0;0;0;0;0;0;0;0;0;0;0;0;0;0;0;0;0;0;0;0;0;0
10040;0;0;0;0;0;0;0;200;0;0;0;0;0;0;0;0;0;0;0;0;0;0;0;0;0;0;0;0;0;0
10041;17;10;7;0;175;0;0;0;0;0;0;0;0;0;0;0;0;0;0;0;0;0;0;0;0;0;0;0;0;0
10042;16;13;7;0;175;0;0;0;0;0;0;0;0;0;0;0;0;0;0;0;0;0;0;0;0;0;0;0;0;0
10043;15;8;4;0;0;0;0;0;0;50;0;0;0;0;0;0;0;0;0;0;0;0;0;0;0;0;0;0;0;0
10044;11;7;4;0;0;0;0;0;0;0;0;0;0;0;0;0;0;0;0;0;0;0;75;0;0;0;0;0;0;0
10045;16;10;5;0;0;0;0;0;0;50;0;0;0;0;0;0;0;0;0;0;0;0;0;0;0;0;0;0;0;0
10046;14;11;6;0;0;0;0;0;0;0;0;0;0;0;0;0;0;0;0;0;0;0;75;0;0;0;0;0;0;0
10049;0;0;0;0;0;0;0;80;0;0;0;0;0;0;0;0;0;0;0;0;0;0;0;0;0;0;0;0;0;0
10050;0;0;0;0;0;0;0;200;0;0;0;0;0;0;0;0;0;0;0;0;0;0;0;0;0;0;0;0;0;0
10051;17;11;29;0;400;0;0;0;0;0;0;0;0;0;0;0;0;0;0;0;0;0;0;0;0;0;0;0;0;0
10052;21;12;27;0;400;0;0;0;0;0;0;0;0;0;0;0;0;0;0;0;0;0;0;0;0;0;0;0;0;0
10053;14;7;25;0;0;0;0;0;0;130;0;0;0;0;0;0;0;0;0;0;0;0;0;0;0;0;0;0;0;0
10054;12;6;18;0;0;0;0;0;0;0;0;0;0;0;0;0;0;0;0;0;0;0;200;0;0;0;0;0;0;0
10055;16;8;27;0;0;0;0;0;0;130;0;0;0;0;0;0;0;0;0;0;0;0;0;0;0;0;0;0;0;0
10056;18;10;23;0;0;0;0;0;0;0;0;0;0;0;0;0;0;0;0;0;0;0;200;0;0;0;0;0;0;0
10059;0;0;0;0;320;0;0;0;0;0;0;0;0;0;0;0;0;0;0;0;0;0;0;0;0;0;0;0;0;0
10060;0;0;0;0;800;0;0;0;0;0;0;0;0;0;0;0;0;0;0;0;0;0;0;0;0;0;0;0;0;0
10061;29;17;11;0;400;0;0;0;0;0;0;0;0;0;0;0;0;0;0;0;0;0;0;0;0;0;0;0;0;0
10062;27;21;12;0;400;0;0;0;0;0;0;0;0;0;0;0;0;0;0;0;0;0;0;0;0;0;0;0;0;0
10063;25;14;7;0;0;0;0;0;0;130;0;0;0;0;0;0;0;0;0;0;0;0;0;0;0;0;0;0;0;0
10064;18;12;6;0;0;0;0;0;0;0;0;0;0;0;0;0;0;0;0;0;0;0;200;0;0;0;0;0;0;0
10065;27;16;8;0;0;0;0;0;0;130;0;0;0;0;0;0;0;0;0;0;0;0;0;0;0;0;0;0;0;0
10066;23;18;10;0;0;0;0;0;0;0;0;0;0;0;0;0;0;0;0;0;0;0;200;0;0;0;0;0;0;0
10069;0;0;0;0;0;0;0;160;0;0;0;0;0;0;0;0;0;0;0;0;0;0;0;0;0;0;0;0;0;0
10070;0;0;0;0;0;0;0;400;0;0;0;0;0;0;0;0;0;0;0;0;0;0;0;0;0;0;0;0;0;0
10071;23;14;9;0;350;0;0;0;0;0;0;0;0;0;0;0;0;0;0;0;0;0;0;0;0;0;0;0;0;0
10072;22;17;10;0;350;0;0;0;0;0;0;0;0;0;0;0;0;0;0;0;0;0;0;0;0;0;0;0;0;0
10073;20;11;5;0;0;0;0;0;0;60;0;0;0;0;0;0;0;0;0;0;0;0;0;0;0;0;0;0;0;0
10074;14;9;5;0;0;0;0;0;0;0;0;0;0;0;0;0;0;0;0;0;0;0;125;0;0;0;0;0;0;0
10075;22;13;6;0;0;0;0;0;0;60;0;0;0;0;0;0;0;0;0;0;0;0;0;0;0;0;0;0;0;0
10076;18;14;8;0;0;0;0;0;0;0;0;0;0;0;0;0;0;0;0;0;0;0;125;0;0;0;0;0;0;0
10079;0;0;0;0;0;0;0;140;0;0;0;0;0;0;0;0;0;0;0;0;0;0;0;0;0;0;0;0;0;0
10080;0;0;0;0;0;0;0;350;0;0;0;0;0;0;0;0;0;0;0;0;0;0;0;0;0;0;0;0;0;0
10081;23;15;38;0;600;0;0;0;0;0;0;0;0;0;0;0;0;0;0;0;0;0;0;0;0;0;0;0;0;0
10082;28;16;36;0;600;0;0;0;0;0;0;0;0;0;0;0;0;0;0;0;0;0;0;0;0;0;0;0;0;0
10083;18;9;33;0;0;0;0;0;0;180;0;0;0;0;0;0;0;0;0;0;0;0;0;0;0;0;0;0;0;0
10084;15;9;24;0;0;0;0;0;0;0;0;0;0;0;0;0;0;0;0;0;0;0;350;0;0;0;0;0;0;0
10085;22;10;36;0;0;0;0;0;0;180;0;0;0;0;0;0;0;0;0;0;0;0;0;0;0;0;0;0;0;0
10086;24;14;31;0;0;0;0;0;0;0;0;0;0;0;0;0;0;0;0;0;0;0;350;0;0;0;0;0;0;0
10089;0;0;8;0;480;0;0;0;0;0;0;0;0;0;0;0;0;0;0;0;0;0;0;0;0;0;0;0;0;0
10090;0;0;20;0;1200;0;0;0;0;0;0;0;0;0;0;0;0;0;0;0;0;0;0;0;0;0;0;0;0;0
10091;38;23;15;0;600;0;0;0;0;0;0;0;0;0;0;0;0;0;0;0;0;0;0;0;0;0;0;0;0;0
10092;36;28;16;0;600;0;0;0;0;0;0;0;0;0;0;0;0;0;0;0;0;0;0;0;0;0;0;0;0;0
10093;33;18;9;0;0;0;0;0;0;180;0;0;0;0;0;0;0;0;0;0;0;0;0;0;0;0;0;0;0;0
10094;24;15;9;0;0;0;0;0;0;0;0;0;0;0;0;0;0;0;0;0;0;0;350;0;0;0;0;0;0;0
10095;36;22;10;0;0;0;0;0;0;180;0;0;0;0;0;0;0;0;0;0;0;0;0;0;0;0;0;0;0;0
10096;31;24;14;0;0;0;0;0;0;0;0;0;0;0;0;0;0;0;0;0;0;0;350;0;0;0;0;0;0;0
10099;8;0;0;0;0;0;0;240;0;0;0;0;0;0;0;0;0;0;0;0;0;0;0;0;0;0;0;0;0;0
10100;20;0;0;0;0;0;0;600;0;0;0;0;0;0;0;0;0;0;0;0;0;0;0;0;0;0;0;0;0;0
10101;29;17;11;0;500;0;0;0;0;0;0;0;0;0;0;0;0;0;0;0;0;0;0;0;0;0;0;0;0;0
10102;27;21;12;0;500;0;0;0;0;0;0;0;0;0;0;0;0;0;0;0;0;0;0;0;0;0;0;0;0;0
10103;25;14;7;0;0;0;0;0;0;90;0;0;0;0;0;0;0;0;0;0;0;0;0;0;0;0;0;0;0;0
10104;18;12;6;0;0;0;0;0;0;0;0;0;0;0;0;0;0;0;0;0;0;0;200;0;0;0;0;0;0;0
10105;27;16;8;0;0;0;0;0;0;90;0;0;0;0;0;0;0;0;0;0;0;0;0;0;0;0;0;0;0;0
10106;23;18;10;0;0;0;0;0;0;0;0;0;0;0;0;0;0;0;0;0;0;0;200;0;0;0;0;0;0;0
10109;0;0;0;0;0;0;0;200;0;0;0;0;0;0;0;0;0;0;0;0;0;0;0;0;0;0;0;0;0;0
10110;0;0;0;0;0;0;0;500;0;0;0;0;0;0;0;0;0;0;0;0;0;0;0;0;0;0;0;0;0;0
10111;29;19;48;0;900;0;0;0;0;0;0;0;0;0;0;0;0;0;0;0;0;0;0;0;0;0;0;0;0;0
10112;35;20;45;0;900;0;0;0;0;0;0;0;0;0;0;0;0;0;0;0;0;0;0;0;0;0;0;0;0;0
10113;23;11;41;0;0;0;0;0;0;225;0;0;0;0;0;0;0;0;0;0;0;0;0;0;0;0;0;0;0;0
10114;19;11;30;0;0;0;0;0;0;0;0;0;0;0;0;0;0;0;0;0;0;0;500;0;0;0;0;0;0;0
10115;27;13;45;0;0;0;0;0;0;225;0;0;0;0;0;0;0;0;0;0;0;0;0;0;0;0;0;0;0;0
10116;30;17;38;0;0;0;0;0;0;0;0;0;0;0;0;0;0;0;0;0;0;0;500;0;0;0;0;0;0;0
10119;0;0;16;0;720;0;0;0;0;0;0;0;0;0;0;0;0;0;0;0;0;0;0;0;0;0;0;0;0;0
10120;0;0;40;0;1800;0;0;0;0;0;0;0;0;0;0;0;0;0;0;0;0;0;0;0;0;0;0;0;0;0
10121;48;29;19;0;900;0;0;0;0;0;0;0;0;0;0;0;0;0;0;0;0;0;0;0;0;0;0;0;0;0
10122;45;35;20;0;900;0;0;0;0;0;0;0;0;0;0;0;0;0;0;0;0;0;0;0;0;0;0;0;0;0
10123;41;23;11;0;0;0;0;0;0;225;0;0;0;0;0;0;0;0;0;0;0;0;0;0;0;0;0;0;0;0
10124;30;19;11;0;0;0;0;0;0;0;0;0;0;0;0;0;0;0;0;0;0;0;500;0;0;0;0;0;0;0
10125;45;27;13;0;0;0;0;0;0;225;0;0;0;0;0;0;0;0;0;0;0;0;0;0;0;0;0;0;0;0
10126;38;30;17;0;0;0;0;0;0;0;0;0;0;0;0;0;0;0;0;0;0;0;500;0;0;0;0;0;0;0
10129;16;0;0;0;0;0;0;360;0;0;0;0;0;0;0;0;0;0;0;0;0;0;0;0;0;0;0;0;0;0
10130;40;0;0;0;0;0;0;900;0;0;0;0;0;0;0;0;0;0;0;0;0;0;0;0;0;0;0;0;0;0
10131;46;27;18;0;700;0;0;0;0;0;0;0;0;0;0;0;0;0;0;0;0;0;0;0;0;0;0;0;0;0
10132;43;34;19;0;700;0;0;0;0;0;0;0;0;0;0;0;0;0;0;0;0;0;0;0;0;0;0;0;0;0
10133;40;22;11;0;0;0;0;0;0;130;0;0;0;0;0;0;0;0;0;0;0;0;0;0;0;0;0;0;0;0
10134;29;18;10;0;0;0;0;0;0;0;0;0;0;0;0;0;0;0;0;0;0;0;300;0;0;0;0;0;0;0
10135;43;26;12;0;0;0;0;0;0;130;0;0;0;0;0;0;0;0;0;0;0;0;0;0;0;0;0;0;0;0
10136;37;29;16;0;0;0;0;0;0;0;0;0;0;0;0;0;0;0;0;0;0;0;300;0;0;0;0;0;0;0
10139;0;0;0;0;0;0;0;280;0;0;0;0;0;0;0;0;0;0;0;0;0;0;0;0;0;0;0;0;0;0
10140;0;0;0;0;0;0;0;700;0;0;0;0;0;0;0;0;0;0;0;0;0;0;0;0;0;0;0;0;0;0
10141;34;23;57;0;1200;0;0;0;0;0;0;0;0;0;0;0;0;0;0;0;0;0;0;0;0;0;0;0;0;0
10142;42;24;54;0;1200;0;0;0;0;0;0;0;0;0;0;0;0;0;0;0;0;0;0;0;0;0;0;0;0;0
10143;27;14;50;0;0;0;0;0;0;270;0;0;0;0;0;0;0;0;0;0;0;0;0;0;0;0;0;0;0;0
10144;23;13;36;0;0;0;0;0;0;0;0;0;0;0;0;0;0;0;0;0;0;0;800;0;0;0;0;0;0;0
10145;33;15;54;0;0;0;0;0;0;270;0;0;0;0;0;0;0;0;0;0;0;0;0;0;0;0;0;0;0;0
10146;36;20;46;0;0;0;0;0;0;0;0;0;0;0;0;0;0;0;0;0;0;0;800;0;0;0;0;0;0;0
10149;0;0;24;0;960;0;0;0;0;0;0;0;0;0;0;0;0;0;0;0;0;0;0;0;0;0;0;0;0;0
10150;0;0;60;0;2400;0;0;0;0;0;0;0;0;0;0;0;0;0;0;0;0;0;0;0;0;0;0;0;0;0
10151;57;34;23;0;1200;0;0;0;0;0;0;0;0;0;0;0;0;0;0;0;0;0;0;0;0;0;0;0;0;0
10152;54;42;24;0;1200;0;0;0;0;0;0;0;0;0;0;0;0;0;0;0;0;0;0;0;0;0;0;0;0;0
10153;50;27;14;0;0;0;0;0;0;270;0;0;0;0;0;0;0;0;0;0;0;0;0;0;0;0;0;0;0;0
10154;36;23;13;0;0;0;0;0;0;0;0;0;0;0;0;0;0;0;0;0;0;0;800;0;0;0;0;0;0;0
10155;54;33;15;0;0;0;0;0;0;270;0;0;0;0;0;0;0;0;0;0;0;0;0;0;0;0;0;0;0;0
10156;46;36;20;0;0;0;0;0;0;0;0;0;0;0;0;0;0;0;0;0;0;0;800;0;0;0;0;0;0;0
10159;24;0;0;0;0;0;0;480;0;0;0;0;0;0;0;0;0;0;0;0;0;0;0;0;0;0;0;0;0;0
10160;60;0;0;0;0;0;0;1200;0;0;0;0;0;0;0;0;0;0;0;0;0;0;0;0;0;0;0;0;0;0
10161;53;32;21;0;1000;0;0;0;0;0;0;0;0;0;0;0;0;0;0;0;0;0;0;0;0;0;0;0;0;0
10162;50;39;22;0;1000;0;0;0;0;0;0;0;0;0;0;0;0;0;0;0;0;0;0;0;0;0;0;0;0;0
10163;46;25;13;0;0;0;0;0;0;160;0;0;0;0;0;0;0;0;0;0;0;0;0;0;0;0;0;0;0;0
10164;34;22;12;0;0;0;0;0;0;0;0;0;0;0;0;0;0;0;0;0;0;0;400;0;0;0;0;0;0;0
10165;50;30;14;0;0;0;0;0;0;160;0;0;0;0;0;0;0;0;0;0;0;0;0;0;0;0;0;0;0;0
10166;43;33;19;0;0;0;0;0;0;0;0;0;0;0;0;0;0;0;0;0;0;0;400;0;0;0;0;0;0;0
10169;0;0;0;0;0;0;0;400;0;0;0;0;0;0;0;0;0;0;0;0;0;0;0;0;0;0;0;0;0;0
10170;0;0;0;0;0;0;0;1000;0;0;0;0;0;0;0;0;0;0;0;0;0;0;0;0;0;0;0;0;0;0
10171;40;27;67;0;1500;0;0;0;0;0;0;0;0;0;0;0;0;0;0;0;0;0;0;0;0;0;0;0;0;0
10172;49;28;63;0;1500;0;0;0;0;0;0;0;0;0;0;0;0;0;0;0;0;0;0;0;0;0;0;0;0;0
10173;32;16;58;0;0;0;0;0;0;320;0;0;0;0;0;0;0;0;0;0;0;0;0;0;0;0;0;0;0;0
10174;27;15;42;0;0;0;0;0;0;0;0;0;0;0;0;0;0;0;0;0;0;0;1100;0;0;0;0;0;0;0
10175;38;18;63;0;0;0;0;0;0;320;0;0;0;0;0;0;0;0;0;0;0;0;0;0;0;0;0;0;0;0
10176;42;24;54;0;0;0;0;0;0;0;0;0;0;0;0;0;0;0;0;0;0;0;1100;0;0;0;0;0;0;0
10179;0;0;32;0;1200;0;0;0;0;0;0;0;0;0;0;0;0;0;0;0;0;0;0;0;0;0;0;0;0;0
10180;0;0;80;0;3000;0;0;0;0;0;0;0;0;0;0;0;0;0;0;0;0;0;0;0;0;0;0;0;0;0
10181;67;40;27;0;1500;0;0;0;0;0;0;0;0;0;0;0;0;0;0;0;0;0;0;0;0;0;0;0;0;0
10182;63;49;28;0;1500;0;0;0;0;0;0;0;0;0;0;0;0;0;0;0;0;0;0;0;0;0;0;0;0;0
10183;58;32;16;0;0;0;0;0;0;320;0;0;0;0;0;0;0;0;0;0;0;0;0;0;0;0;0;0;0;0
10184;42;27;15;0;0;0;0;0;0;0;0;0;0;0;0;0;0;0;0;0;0;0;1100;0;0;0;0;0;0;0
10185;63;38;18;0;0;0;0;0;0;320;0;0;0;0;0;0;0;0;0;0;0;0;0;0;0;0;0;0;0;0
10186;54;42;24;0;0;0;0;0;0;0;0;0;0;0;0;0;0;0;0;0;0;0;1100;0;0;0;0;0;0;0
10189;32;0;0;0;0;0;0;600;0;0;0;0;0;0;0;0;0;0;0;0;0;0;0;0;0;0;0;0;0;0
10190;80;0;0;0;0;0;0;1500;0;0;0;0;0;0;0;0;0;0;0;0;0;0;0;0;0;0;0;0;0;0
10191;61;36;24;0;1250;0;0;0;0;0;0;0;0;0;0;0;0;0;0;0;0;0;0;0;0;0;0;0;0;0
10192;58;45;26;0;1250;0;0;0;0;0;0;0;0;0;0;0;0;0;0;0;0;0;0;0;0;0;0;0;0;0
10193;53;29;14;0;0;0;0;0;0;240;0;0;0;0;0;0;0;0;0;0;0;0;0;0;0;0;0;0;0;0
10194;38;25;14;0;0;0;0;0;0;0;0;0;0;0;0;0;0;0;0;0;0;0;500;0;0;0;0;0;0;0
10195;58;35;16;0;0;0;0;0;0;240;0;0;0;0;0;0;0;0;0;0;0;0;0;0;0;0;0;0;0;0
10196;49;38;22;0;0;0;0;0;0;0;0;0;0;0;0;0;0;0;0;0;0;0;500;0;0;0;0;0;0;0
10199;0;0;0;0;0;0;0;480;0;0;0;0;0;0;0;0;0;0;0;0;0;0;0;0;0;0;0;0;0;0
10200;0;0;0;0;0;0;0;1200;0;0;0;0;0;0;0;0;0;0;0;0;0;0;0;0;0;0;0;0;0;0
10201;46;30;76;0;2000;0;0;0;0;0;0;0;0;0;0;0;0;0;0;0;0;0;0;0;0;0;0;0;0;0
10202;56;32;72;0;2000;0;0;0;0;0;0;0;0;0;0;0;0;0;0;0;0;0;0;0;0;0;0;0;0;0
10203;36;18;66;0;0;0;0;0;0;400;0;0;0;0;0;0;0;0;0;0;0;0;0;0;0;0;0;0;0;0
10204;31;17;48;0;0;0;0;0;0;0;0;0;0;0;0;0;0;0;0;0;0;0;1600;0;0;0;0;0;0;0
10205;44;20;72;0;0;0;0;0;0;400;0;0;0;0;0;0;0;0;0;0;0;0;0;0;0;0;0;0;0;0
10206;48;27;61;0;0;0;0;0;0;0;0;0;0;0;0;0;0;0;0;0;0;0;1600;0;0;0;0;0;0;0
10209;0;0;40;0;1600;0;0;0;0;0;0;0;0;0;0;0;0;0;0;0;0;0;0;0;0;0;0;0;0;0
10210;0;0;100;0;4000;0;0;0;0;0;0;0;0;0;0;0;0;0;0;0;0;0;0;0;0;0;0;0;0;0
10211;76;46;30;0;2000;0;0;0;0;0;0;0;0;0;0;0;0;0;0;0;0;0;0;0;0;0;0;0;0;0
10212;72;56;32;0;2000;0;0;0;0;0;0;0;0;0;0;0;0;0;0;0;0;0;0;0;0;0;0;0;0;0
10213;66;36;18;0;0;0;0;0;0;400;0;0;0;0;0;0;0;0;0;0;0;0;0;0;0;0;0;0;0;0
10214;48;31;17;0;0;0;0;0;0;0;0;0;0;0;0;0;0;0;0;0;0;0;1600;0;0;0;0;0;0;0
10215;72;44;20;0;0;0;0;0;0;400;0;0;0;0;0;0;0;0;0;0;0;0;0;0;0;0;0;0;0;0
10216;61;48;27;0;0;0;0;0;0;0;0;0;0;0;0;0;0;0;0;0;0;0;1600;0;0;0;0;0;0;0
10219;40;0;0;0;0;0;0;800;0;0;0;0;0;0;0;0;0;0;0;0;0;0;0;0;0;0;0;0;0;0
10220;100;0;0;0;0;0;0;2000;0;0;0;0;0;0;0;0;0;0;0;0;0;0;0;0;0;0;0;0;0;0
30001;13;13;35;;;;;25;;;;;;;;;;;;;;;;;;;;;;
30002;13;13;35;;;;;25;;;;;;;;;;;;;;;;;;;;;;
30003;15;30;15;;;;;37;;;;;;;;;;;;;;;;;;;;;;
30004;15;30;15;;;;;37;;;;;;;;;;;;;;;;;;;;;;
30005;30;18;13;;;;;60;;;;;;;;;;;;;;;;;;;;;;
30006;30;18;13;;;;;60;;;;;;;;;;;;;;;;;;;;;;
30011;10;10;30;;;;;20;;;;;;;;;;;;;;;;;;;;;;
30012;13;25;13;;;;;30;;;;;;;;;;;;;;;;;;;;;;
30013;25;15;10;;;;;50;;;;;;;;;;;;;;;;;;;;;;
30021;10;8;33;;;;;20;;;;;;;;;;;;;;;;;;;;;;
30022;8;33;10;;;;;30;;;;;;;;;;;;;;;;;;;;;;
30023;30;10;10;;;;;50;;;;;;;;;;;;;;;;;;;;;;
30024;20;20;60;;;;;55;;;;;;;;;;;;;;;;;;;;;;
30025;28;18;55;;;;;60;;;;;;;;;;;;;;;;;;;;;;
30026;33;45;23;;;;;75;;;;;;;;;;;;;;;;;;;;;;
30027;28;55;18;;;;;80;;;;;;;;;;;;;;;;;;;;;;
30028;48;33;20;;;;;95;;;;;;;;;;;;;;;;;;;;;;
30029;53;33;15;;;;;105;;;;;;;;;;;;;;;;;;;;;;
30030;35;25;90;;;;;150;;;;;;;;;;;;;;;;;;;;;;
30031;33;23;95;;;;;140;;;;;;;;;;;;;;;;;;;;;;
30032;28;23;100;;;;;145;;;;;;;;;;;;;;;;;;;;;;
30033;48;75;28;;;;;200;;;;;;;;;;;;;;;;;;;;;;
30034;40;80;30;;;;;225;;;;;;;;;;;;;;;;;;;;;;
30035;45;70;35;;;;;210;;;;;;;;;;;;;;;;;;;;;;
30036;70;58;23;;;;;300;;;;;;;;;;;;;;;;;;;;;;
30037;75;50;25;;;;;275;;;;;;;;;;;;;;;;;;;;;;
30038;80;43;28;;;;;285;;;;;;;;;;;;;;;;;;;;;;
30039;45;30;125;;;;;250;;;;;;;;;;;;;;;;;;;;;;
30040;43;28;130;;;;;265;;;;;;;;;;;;;;;;;;;;;;
30041;48;33;120;;;;;255;;;;;;;;;;;;;;;;;;;;;;
30042;63;100;38;;;;;350;;;;;;;;;;;;;;;;;;;;;;
30043;55;113;33;;;;;375;;;;;;;;;;;;;;;;;;;;;;
30044;60;105;35;;;;;400;;;;;;;;;;;;;;;;;;;;;;
30045;95;75;30;;;;;500;;;;;;;;;;;;;;;;;;;;;;
30046;108;60;33;;;;;475;;;;;;;;;;;;;;;;;;;;;;
30047;123;50;28;;;;;480;;;;;;;;;;;;;;;;;;;;;;
110106;;;;;300;;;;;;;;;;;;4;;;;;;;;;;;;;
110206;;;;;600;;;;;;;;;;;;4.2;;;;;;;;;;;;;
110306;;;;;900;;;;;;;;;;;;4.4;;;;;;;;;;;;;
110406;;;;;1200;;;;;;;;;;;;4.6;;;;;;;;;;;;;
110506;;;;;1800;;;;;;;;;;;;4.8;;;;;;;;;;;;;
110606;;;;;2400;;;;;;;;;;;;5;;;;;;;;;;;;;
110706;;;;;3000;;;;;;;;;;;;5.2;;;;;;;;;;;;;
110806;;;;;3750;;;;;;;;;;;;5.4;;;;;;;;;;;;;
110906;;;;;4500;;;;;;;;;;;;5.6;;;;;;;;;;;;;
111006;;;;;5250;;;;;;;;;;;;5.8;;;;;;;;;;;;;
110108;;;;;300;;;;;;;;;;;;4;;;;;;;;;;;;;
110208;;;;;600;;;;;;;;;;;;4.2;;;;;;;;;;;;;
110308;;;;;900;;;;;;;;;;;;4.4;;;;;;;;;;;;;
110408;;;;;1200;;;;;;;;;;;;4.6;;;;;;;;;;;;;
110508;;;;;1800;;;;;;;;;;;;4.8;;;;;;;;;;;;;
110608;;;;;2400;;;;;;;;;;;;5;;;;;;;;;;;;;
110708;;;;;3000;;;;;;;;;;;;5.2;;;;;;;;;;;;;
110808;;;;;3750;;;;;;;;;;;;5.4;;;;;;;;;;;;;
110908;;;;;4500;;;;;;;;;;;;5.6;;;;;;;;;;;;;
111008;;;;;5250;;;;;;;;;;;;5.8;;;;;;;;;;;;;
110112;;;;;;;;100;;;;;;;;;4;;;;;;;;;;;;;
110212;;;;;;;;200;;;;;;;;;4.2;;;;;;;;;;;;;
110312;;;;;;;;300;;;;;;;;;4.4;;;;;;;;;;;;;
110412;;;;;;;;400;;;;;;;;;4.6;;;;;;;;;;;;;
110512;;;;;;;;600;;;;;;;;;4.8;;;;;;;;;;;;;
110612;;;;;;;;800;;;;;;;;;5;;;;;;;;;;;;;
110712;;;;;;;;1000;;;;;;;;;5.2;;;;;;;;;;;;;
110812;;;;;;;;1250;;;;;;;;;5.4;;;;;;;;;;;;;
110912;;;;;;;;1500;;;;;;;;;5.6;;;;;;;;;;;;;
111012;;;;;;;;1750;;;;;;;;;5.8;;;;;;;;;;;;;
110117;;;;;;;;100;;;;;;;;;4;;;;;;;;;;;;;
110217;;;;;;;;200;;;;;;;;;4.2;;;;;;;;;;;;;
110317;;;;;;;;300;;;;;;;;;4.4;;;;;;;;;;;;;
110417;;;;;;;;400;;;;;;;;;4.6;;;;;;;;;;;;;
110517;;;;;;;;600;;;;;;;;;4.8;;;;;;;;;;;;;
110617;;;;;;;;800;;;;;;;;;5;;;;;;;;;;;;;
110717;;;;;;;;1000;;;;;;;;;5.2;;;;;;;;;;;;;
110817;;;;;;;;1250;;;;;;;;;5.4;;;;;;;;;;;;;
110917;;;;;;;;1500;;;;;;;;;5.6;;;;;;;;;;;;;
111017;;;;;;;;1750;;;;;;;;;5.8;;;;;;;;;;;;;
110222;;;;;;;;200;;;;;;;;;4.2;;;;;;;;;;;;;
110322;;;;;;;;300;;;;;;;;;4.4;;;;;;;;;;;;;
110422;;;;;;;;400;;;;;;;;;4.6;;;;;;;;;;;;;
110522;;;;;;;;600;;;;;;;;;4.8;;;;;;;;;;;;;
110622;;;;;;;;800;;;;;;;;;5;;;;;;;;;;;;;
110722;;;;;;;;1000;;;;;;;;;5.2;;;;;;;;;;;;;
110822;;;;;;;;1250;;;;;;;;;5.4;;;;;;;;;;;;;
110922;;;;;;;;1500;;;;;;;;;5.6;;;;;;;;;;;;;
111022;;;;;;;;1750;;;;;;;;;5.8;;;;;;;;;;;;;
120102;;;;;300;;;;;;;4;;;;;;;;;;;;;;;;;;
120202;;;;;600;;;;;;;4.2;;;;;;;;;;;;;;;;;;
120302;;;;;900;;;;;;;4.4;;;;;;;;;;;;;;;;;;
120402;;;;;1200;;;;;;;4.6;;;;;;;;;;;;;;;;;;
120502;;;;;1800;;;;;;;4.8;;;;;;;;;;;;;;;;;;
120602;;;;;2400;;;;;;;5;;;;;;;;;;;;;;;;;;
120702;;;;;3000;;;;;;;5.2;;;;;;;;;;;;;;;;;;
120802;;;;;3750;;;;;;;5.4;;;;;;;;;;;;;;;;;;
120902;;;;;4500;;;;;;;5.6;;;;;;;;;;;;;;;;;;
121002;;;;;5250;;;;;;;5.8;;;;;;;;;;;;;;;;;;
120107;;;;;;;;100;;;;4;;;;;;;;;;;;;;;;;;
120207;;;;;;;;200;;;;4.2;;;;;;;;;;;;;;;;;;
120307;;;;;;;;300;;;;4.4;;;;;;;;;;;;;;;;;;
120407;;;;;;;;400;;;;4.6;;;;;;;;;;;;;;;;;;
120507;;;;;;;;600;;;;4.8;;;;;;;;;;;;;;;;;;
120607;;;;;;;;800;;;;5;;;;;;;;;;;;;;;;;;
120707;;;;;;;;1000;;;;5.2;;;;;;;;;;;;;;;;;;
120807;;;;;;;;1250;;;;5.4;;;;;;;;;;;;;;;;;;
120907;;;;;;;;1500;;;;5.6;;;;;;;;;;;;;;;;;;
121007;;;;;;;;1750;;;;5.8;;;;;;;;;;;;;;;;;;
120112;;;;;;;;100;;;;4;;;;;;;;;;;;;;;;;;
120212;;;;;;;;200;;;;4.2;;;;;;;;;;;;;;;;;;
120312;;;;;;;;300;;;;4.4;;;;;;;;;;;;;;;;;;
120412;;;;;;;;400;;;;4.6;;;;;;;;;;;;;;;;;;
120512;;;;;;;;600;;;;4.8;;;;;;;;;;;;;;;;;;
120612;;;;;;;;800;;;;5;;;;;;;;;;;;;;;;;;
120712;;;;;;;;1000;;;;5.2;;;;;;;;;;;;;;;;;;
120812;;;;;;;;1250;;;;5.4;;;;;;;;;;;;;;;;;;
120912;;;;;;;;1500;;;;5.6;;;;;;;;;;;;;;;;;;
121012;;;;;;;;1750;;;;5.8;;;;;;;;;;;;;;;;;;
120117;;;;;;;;100;;;;4;;;;;;;;;;;;;;;;;;
120217;;;;;;;;200;;;;4.2;;;;;;;;;;;;;;;;;;
120317;;;;;;;;300;;;;4.4;;;;;;;;;;;;;;;;;;
120417;;;;;;;;400;;;;4.6;;;;;;;;;;;;;;;;;;
120517;;;;;;;;600;;;;4.8;;;;;;;;;;;;;;;;;;
120617;;;;;;;;800;;;;5;;;;;;;;;;;;;;;;;;
120717;;;;;;;;1000;;;;5.2;;;;;;;;;;;;;;;;;;
120817;;;;;;;;1250;;;;5.4;;;;;;;;;;;;;;;;;;
120917;;;;;;;;1500;;;;5.6;;;;;;;;;;;;;;;;;;
121017;;;;;;;;1750;;;;5.8;;;;;;;;;;;;;;;;;;
120222;;;;;;;;200;;;;4.2;;;;;;;;;;;;;;;;;;
120322;;;;;;;;300;;;;4.4;;;;;;;;;;;;;;;;;;
120422;;;;;;;;400;;;;4.6;;;;;;;;;;;;;;;;;;
120522;;;;;;;;600;;;;4.8;;;;;;;;;;;;;;;;;;
120622;;;;;;;;800;;;;5;;;;;;;;;;;;;;;;;;
120722;;;;;;;;1000;;;;5.2;;;;;;;;;;;;;;;;;;
120822;;;;;;;;1250;;;;5.4;;;;;;;;;;;;;;;;;;
120922;;;;;;;;1500;;;;5.6;;;;;;;;;;;;;;;;;;
121022;;;;;;;;1750;;;;5.8;;;;;;;;;;;;;;;;;;
130106;;;;;300;;;;;;;;;;4;;;;;;;;;;;;;;;
130206;;;;;600;;;;;;;;;;4.2;;;;;;;;;;;;;;;
130306;;;;;900;;;;;;;;;;4.4;;;;;;;;;;;;;;;
130406;;;;;1200;;;;;;;;;;4.6;;;;;;;;;;;;;;;
130506;;;;;1800;;;;;;;;;;4.8;;;;;;;;;;;;;;;
130606;;;;;2400;;;;;;;;;;5;;;;;;;;;;;;;;;
130706;;;;;3000;;;;;;;;;;5.2;;;;;;;;;;;;;;;
130806;;;;;3750;;;;;;;;;;5.4;;;;;;;;;;;;;;;
130906;;;;;4500;;;;;;;;;;5.6;;;;;;;;;;;;;;;
131006;;;;;5250;;;;;;;;;;5.8;;;;;;;;;;;;;;;
130108;;;;;300;;;;;;;;;;4;;;;;;;;;;;;;;;
130208;;;;;600;;;;;;;;;;4.2;;;;;;;;;;;;;;;
130308;;;;;900;;;;;;;;;;4.4;;;;;;;;;;;;;;;
130408;;;;;1200;;;;;;;;;;4.6;;;;;;;;;;;;;;;
130508;;;;;1800;;;;;;;;;;4.8;;;;;;;;;;;;;;;
130608;;;;;2400;;;;;;;;;;5;;;;;;;;;;;;;;;
130708;;;;;3000;;;;;;;;;;5.2;;;;;;;;;;;;;;;
130808;;;;;3750;;;;;;;;;;5.4;;;;;;;;;;;;;;;
130908;;;;;4500;;;;;;;;;;5.6;;;;;;;;;;;;;;;
131008;;;;;5250;;;;;;;;;;5.8;;;;;;;;;;;;;;;
130212;;;;;;;;200;;;;;;;4.2;;;;;;;;;;;;;;;
130312;;;;;;;;300;;;;;;;4.4;;;;;;;;;;;;;;;
130412;;;;;;;;400;;;;;;;4.6;;;;;;;;;;;;;;;
130512;;;;;;;;600;;;;;;;4.8;;;;;;;;;;;;;;;
130612;;;;;;;;800;;;;;;;5;;;;;;;;;;;;;;;
130712;;;;;;;;1000;;;;;;;5.2;;;;;;;;;;;;;;;
130812;;;;;;;;1250;;;;;;;5.4;;;;;;;;;;;;;;;
130912;;;;;;;;1500;;;;;;;5.6;;;;;;;;;;;;;;;
131012;;;;;;;;1750;;;;;;;5.8;;;;;;;;;;;;;;;
130116;;;;;;;;100;;;;;;;4;;;;;;;;;;;;;;;
130216;;;;;;;;200;;;;;;;4.2;;;;;;;;;;;;;;;
130316;;;;;;;;300;;;;;;;4.4;;;;;;;;;;;;;;;
130416;;;;;;;;400;;;;;;;4.6;;;;;;;;;;;;;;;
130516;;;;;;;;600;;;;;;;4.8;;;;;;;;;;;;;;;
130616;;;;;;;;800;;;;;;;5;;;;;;;;;;;;;;;
130716;;;;;;;;1000;;;;;;;5.2;;;;;;;;;;;;;;;
130816;;;;;;;;1250;;;;;;;5.4;;;;;;;;;;;;;;;
130916;;;;;;;;1500;;;;;;;5.6;;;;;;;;;;;;;;;
131016;;;;;;;;1750;;;;;;;5.8;;;;;;;;;;;;;;;
130118;;;;;;;;100;;;;;;;4;;;;;;;;;;;;;;;
130218;;;;;;;;200;;;;;;;4.2;;;;;;;;;;;;;;;
130318;;;;;;;;300;;;;;;;4.4;;;;;;;;;;;;;;;
130418;;;;;;;;400;;;;;;;4.6;;;;;;;;;;;;;;;
130518;;;;;;;;600;;;;;;;4.8;;;;;;;;;;;;;;;
130618;;;;;;;;800;;;;;;;5;;;;;;;;;;;;;;;
130718;;;;;;;;1000;;;;;;;5.2;;;;;;;;;;;;;;;
130818;;;;;;;;1250;;;;;;;5.4;;;;;;;;;;;;;;;
130918;;;;;;;;1500;;;;;;;5.6;;;;;;;;;;;;;;;
131018;;;;;;;;1750;;;;;;;5.8;;;;;;;;;;;;;;;
140107;;;;;300;;;;;;;;;;;4;;;;;;;;;;;;;;
140207;;;;;600;;;;;;;;;;;4.2;;;;;;;;;;;;;;
140307;;;;;900;;;;;;;;;;;4.4;;;;;;;;;;;;;;
140407;;;;;1200;;;;;;;;;;;4.6;;;;;;;;;;;;;;
140507;;;;;1800;;;;;;;;;;;4.8;;;;;;;;;;;;;;
140607;;;;;2400;;;;;;;;;;;5;;;;;;;;;;;;;;
140707;;;;;3000;;;;;;;;;;;5.2;;;;;;;;;;;;;;
140807;;;;;3750;;;;;;;;;;;5.4;;;;;;;;;;;;;;
140907;;;;;4500;;;;;;;;;;;5.6;;;;;;;;;;;;;;
141007;;;;;5250;;;;;;;;;;;5.8;;;;;;;;;;;;;;
140111;;;;;;;;100;;;;;;;;4;;;;;;;;;;;;;;
140211;;;;;;;;200;;;;;;;;4.2;;;;;;;;;;;;;;
140311;;;;;;;;300;;;;;;;;4.4;;;;;;;;;;;;;;
140411;;;;;;;;400;;;;;;;;4.6;;;;;;;;;;;;;;
140511;;;;;;;;600;;;;;;;;4.8;;;;;;;;;;;;;;
140611;;;;;;;;800;;;;;;;;5;;;;;;;;;;;;;;
140711;;;;;;;;1000;;;;;;;;5.2;;;;;;;;;;;;;;
140811;;;;;;;;1250;;;;;;;;5.4;;;;;;;;;;;;;;
140911;;;;;;;;1500;;;;;;;;5.6;;;;;;;;;;;;;;
141011;;;;;;;;1750;;;;;;;;5.8;;;;;;;;;;;;;;
140113;;;;;;;;100;;;;;;;;4;;;;;;;;;;;;;;
140213;;;;;;;;200;;;;;;;;4.2;;;;;;;;;;;;;;
140313;;;;;;;;300;;;;;;;;4.4;;;;;;;;;;;;;;
140413;;;;;;;;400;;;;;;;;4.6;;;;;;;;;;;;;;
140513;;;;;;;;600;;;;;;;;4.8;;;;;;;;;;;;;;
140613;;;;;;;;800;;;;;;;;5;;;;;;;;;;;;;;
140713;;;;;;;;1000;;;;;;;;5.2;;;;;;;;;;;;;;
140813;;;;;;;;1250;;;;;;;;5.4;;;;;;;;;;;;;;
140913;;;;;;;;1500;;;;;;;;5.6;;;;;;;;;;;;;;
141013;;;;;;;;1750;;;;;;;;5.8;;;;;;;;;;;;;;
140117;;;;;;;;100;;;;;;;;4;;;;;;;;;;;;;;
140217;;;;;;;;200;;;;;;;;4.2;;;;;;;;;;;;;;
140317;;;;;;;;300;;;;;;;;4.4;;;;;;;;;;;;;;
140417;;;;;;;;400;;;;;;;;4.6;;;;;;;;;;;;;;
140517;;;;;;;;600;;;;;;;;4.8;;;;;;;;;;;;;;
140617;;;;;;;;800;;;;;;;;5;;;;;;;;;;;;;;
140717;;;;;;;;1000;;;;;;;;5.2;;;;;;;;;;;;;;
140817;;;;;;;;1250;;;;;;;;5.4;;;;;;;;;;;;;;
140917;;;;;;;;1500;;;;;;;;5.6;;;;;;;;;;;;;;
141017;;;;;;;;1750;;;;;;;;5.8;;;;;;;;;;;;;;
140222;;;;;;;;200;;;;;;;;4.2;;;;;;;;;;;;;;
140322;;;;;;;;300;;;;;;;;4.4;;;;;;;;;;;;;;
140422;;;;;;;;400;;;;;;;;4.6;;;;;;;;;;;;;;
140522;;;;;;;;600;;;;;;;;4.8;;;;;;;;;;;;;;
140622;;;;;;;;800;;;;;;;;5;;;;;;;;;;;;;;
140722;;;;;;;;1000;;;;;;;;5.2;;;;;;;;;;;;;;
140822;;;;;;;;1250;;;;;;;;5.4;;;;;;;;;;;;;;
140922;;;;;;;;1500;;;;;;;;5.6;;;;;;;;;;;;;;
141022;;;;;;;;1750;;;;;;;;5.8;;;;;;;;;;;;;;
20001;;;;;;20;;;20;;;;;;;;;;;;;;;;;;;;;
20002;;;;;;40;;;40;;;;;;;;;;;;;;;;;;;;;
20003;;;;;;60;;;60;;;;;;;;;;;;;;;;;;;;;
20004;;;;;;80;;;80;;;;;;;;;;;;;;;;;;;;;
20005;;;;;;100;;;100;;;;;;;;;;;;;;;;;;;;;
